Title,Type,URL,Subject ,Description
A Research Guide for Accounting,Subject Guide,https://nku.libguides.com/accounting,,
A Research Guide for Entrepreneurship,Subject Guide,https://nku.libguides.com/entrepreneurship,,
A Research Guide for Marketing,Subject Guide,https://nku.libguides.com/marketing,,
A Research Guide for Mathematics,Subject Guide,https://nku.libguides.com/mathematics,,
A Research Guide for Physics,Subject Guide,https://nku.libguides.com/physics,,
A Research Guide for Political Science,Subject Guide,https://nku.libguides.com/political-science,,
A Research Guide for Theatre and Dance,Subject Guide,https://nku.libguides.com/theatre-dance,,
A Research Guide for Anthropology,Subject Guide,https://nku.libguides.com/anthropology,,
A Research Guide for Art & Design,Subject Guide,https://nku.libguides.com/artdesign,,
A Research Guide for Astronomy,Subject Guide,https://nku.libguides.com/astronomy,,
A Research Guide for Biological &amp; Environmental Sciences,Subject Guide,https://nku.libguides.com/biologicalsciences,,
"A Research Guide for Black, Women's &amp; Gender Studies",Subject Guide,https://nku.libguides.com/bwgs,,
A Research Guide for Business,Subject Guide,https://nku.libguides.com/business,,
A Research Guide for Chemistry,Subject Guide,https://nku.libguides.com/chemistry,,
"A Research Guide for Communication, Mass Media &amp; Popular Culture",Subject Guide,https://nku.libguides.com/communication,,
A Research Guide for Computer Science,Subject Guide,https://nku.libguides.com/computerscience,,
A Research Guide for Counseling,Subject Guide,https://nku.libguides.com/counseling,,
A Research Guide for Criminal Justice,Subject Guide,https://nku.libguides.com/criminal-justice,,
A Research Guide for Economics,Subject Guide,https://nku.libguides.com/economics,,
A Research Guide for Education,Subject Guide,https://nku.libguides.com/education,,
A Research Guide for Engineering Technology,Subject Guide,https://nku.libguides.com/engineering,,
A Research Guide for English Studies,Subject Guide,https://nku.libguides.com/english-studies,,
A Research Guide for Finance,Subject Guide,https://nku.libguides.com/finance,,
A Research Guide for Folklore,Subject Guide,https://nku.libguides.com/folklore,,
A Research Guide for Geology,Subject Guide,https://nku.libguides.com/geology,,
A Research Guide for Health Informatics,Subject Guide,https://nku.libguides.com/health-informatics,,
A Research Guide for History,Subject Guide,https://nku.libguides.com/history,,
A Research Guide for Human Resources,Subject Guide,https://nku.libguides.com/human-resources,,
A Research Guide for Information Systems & Analytics,Subject Guide,https://nku.libguides.com/info-systems-analytics,,
A Research Guide for Journalism,Subject Guide,https://nku.libguides.com/journalism,,
"A Research Guide for Kinesiology, Health Education, &amp; Athletic Training",Subject Guide,https://nku.libguides.com/c.php?g=1354978,,
A Research Guide for Law,Subject Guide,https://nku.libguides.com/law,,
A Research Guide for Library &amp; Information Science,Subject Guide,https://nku.libguides.com/libraryandinformationscience,,
A Research Guide for Management,Subject Guide,https://nku.libguides.com/management,,
A Research Guide for Music,Subject Guide,https://nku.libguides.com/music,,
A Research Guide for Nursing &amp; Allied Health,Subject Guide,https://nku.libguides.com/nursing-allied-health,,
A Research Guide for Organizational Leadership,Subject Guide,https://nku.libguides.com/org-leadership,,
A Research Guide for Philosophy & Religious Studies,Subject Guide,https://nku.libguides.com/philosophy_religious-studies,,
A Research Guide for Psychology,Subject Guide,https://nku.libguides.com/psychology,,
A Research Guide for Public Administration,Subject Guide,https://nku.libguides.com/public-administration,,
A Research Guide for Public Relations,Subject Guide,https://nku.libguides.com/publicrelations,,
A Research Guide for Social Work,Subject Guide,https://nku.libguides.com/social-work,,
A Research Guide for Sociology,Subject Guide,https://nku.libguides.com/sociology,,
A Research Guide for Sports Business & Event Management,Subject Guide,https://nku.libguides.com/sports-business,,
A Research Guide for World Languages & Literatures,Subject Guide,https://nku.libguides.com/world-languages,,
AI Literacy at Steely,General Purpose,https://nku.libguides.com/AI-lit,,
Copy of A Research Guide for Education,Subject Guide,https://nku.libguides.com/prototype-education,,
Course Guide: CMST 101 / 110,Course Guide,https://nku.libguides.com/CMST-101,,
Course Guide: MGT 303 / 360,Course Guide,https://nku.libguides.com/MGT303,,
Course Guide: MSN 600,Course Guide,https://nku.libguides.com/MSN_600,,
Digital Scholarship Toolkit,General Purpose,https://nku.libguides.com/dh,,
Graduate Research Guide for Business,Subject Guide,https://nku.libguides.com/graduate-research-guide-for-business,,
Graduate Research Guide for Counseling,Subject Guide,https://nku.libguides.com/graduate-research-guide-for-counseling,,
Graduate Research Guide for Education,Subject Guide,https://nku.libguides.com/graduate-research-guide-for-education,,
Graduate Research Guide for English,Subject Guide,https://nku.libguides.com/graduate-research-guide-for-english,,
Graduate Research Guide for Health Care,Subject Guide,https://nku.libguides.com/graduate-research-guide-for-health-care,,
Graduate Research Guide for History,Subject Guide,https://nku.libguides.com/graduate-research-guide-for-history,,
Graduate Research Guide for Informatics,Subject Guide,https://nku.libguides.com/graduate-research-guide-for-informatics,,
Graduate Research Guide for Psychology,Subject Guide,https://nku.libguides.com/graduate-research-guide-for-psychology,,
Graduate Research Guide for Public Administration,Subject Guide,https://nku.libguides.com/graduate-research-guide-for-public-administration,,
Graduate Research Guide for Social Work,Subject Guide,https://nku.libguides.com/graduate-research-guide-for-social-work,,
Steely Library LibGuide Best Practices,General Purpose,https://nku.libguides.com/best-practices,,
Steely Library Research Guide,General Purpose,https://nku.libguides.com/steelylibrary,,
Steely Virtual Wellness Space,General Purpose,https://nku.libguides.com/virtualwellness,,
